decade,count,mean,median,stddev,mean_minus_stddev,mean_plus_stddev
-4220,1,0.02400000000000002,0.02400000000000002,0.0,0.02400000000000002,0.02400000000000002
-4210,1,-0.3400000000000001,-0.3400000000000001,0.0,-0.3400000000000001,-0.3400000000000001
-4200,1,-0.0029999999999998916,-0.0029999999999998916,0.0,-0.0029999999999998916,-0.0029999999999998916
-4190,1,0.0029999999999998916,0.0029999999999998916,0.0,0.0029999999999998916,0.0029999999999998916
-4180,1,-0.02499999999999991,-0.02499999999999991,0.0,-0.02499999999999991,-0.02499999999999991
-4170,1,-0.02499999999999991,-0.02499999999999991,0.0,-0.02499999999999991,-0.02499999999999991
-4160,1,0.07000000000000006,0.07000000000000006,0.0,0.07000000000000006,0.07000000000000006
-4150,1,-0.2300000000000002,-0.2300000000000002,0.0,-0.2300000000000002,-0.2300000000000002
-4140,1,0.08200000000000007,0.08200000000000007,0.0,0.08200000000000007,0.08200000000000007
-4130,1,0.04299999999999993,0.04299999999999993,0.0,0.04299999999999993,0.04299999999999993
-4120,1,0.028000000000000247,0.028000000000000247,0.0,0.028000000000000247,0.028000000000000247
-4110,1,-0.058000000000000274,-0.058000000000000274,0.0,-0.058000000000000274,-0.058000000000000274
-4100,1,-0.03799999999999981,-0.03799999999999981,0.0,-0.03799999999999981,-0.03799999999999981
-4090,1,0.0,0.0,0.0,0.0,0.0
-4080,1,-0.2250000000000001,-0.2250000000000001,0.0,-0.2250000000000001,-0.2250000000000001
-4070,1,0.2869999999999999,0.2869999999999999,0.0,0.2869999999999999,0.2869999999999999
-4060,1,0.11100000000000021,0.11100000000000021,0.0,0.11100000000000021,0.11100000000000021
-4050,2,0.05700000000000005,0.05700000000000005,0.03676955262170035,0.020230447378299703,0.09376955262170039
-4040,2,0.18999999999999984,0.18999999999999984,0.2460731598529186,-0.056073159852918775,0.43607315985291845
-4030,2,-0.08399999999999985,-0.08399999999999985,0.17253405460951743,-0.2565340546095173,0.08853405460951758
-4020,2,-0.251,-0.251,0.27152900397563434,-0.5225290039756343,0.02052900397563434
-4010,2,0.04099999999999998,0.04099999999999998,0.17253405460951768,-0.1315340546095177,0.21353405460951766
-4000,2,-0.07400000000000001,-0.07400000000000001,0.11313708498984762,-0.18713708498984763,0.03913708498984761
-3990,2,-0.02100000000000002,-0.02100000000000002,0.10040916292848984,-0.12140916292848986,0.07940916292848982
-3980,2,-0.08400000000000002,-0.08400000000000002,0.2121320343559642,-0.29613203435596425,0.12813203435596418
-3970,2,-0.01150000000000001,-0.01150000000000001,0.051618795026618015,-0.06311879502661802,0.040118795026618005
-3960,2,-0.08549999999999996,-0.08549999999999996,0.055861435713737306,-0.14136143571373727,-0.02963856428626266
-3950,2,-0.10199999999999998,-0.10199999999999998,0.08909545442950506,-0.19109545442950504,-0.012904545570494919
-3940,2,0.026499999999999968,0.026499999999999968,0.13505739520663063,-0.10855739520663066,0.1615573952066306
-3930,2,0.07900000000000001,0.07900000000000001,0.10182337649086286,-0.022823376490862843,0.18082337649086289
-3920,2,0.018500000000000016,0.018500000000000016,0.45184123317820396,-0.43334123317820394,0.470341233178204
-3910,2,0.09249999999999997,0.09249999999999997,0.1265721138323921,-0.03407211383239214,0.21907211383239208
-3900,2,-0.07800000000000001,-0.07800000000000001,0.08768124086713189,-0.1656812408671319,0.009681240867131874
-3890,2,-0.13,-0.13,0.04949747468305837,-0.17949747468305838,-0.08050252531694163
-3880,2,0.07849999999999996,0.07849999999999996,0.023334523779155934,0.05516547622084403,0.10183452377915589
-3870,2,-0.011499999999999955,-0.011499999999999955,0.08555992052357225,-0.09705992052357221,0.0740599205235723
-3860,2,0.15400000000000003,0.15400000000000003,0.0947523086789973,0.05924769132100273,0.24875230867899734
-3850,2,0.00599999999999995,0.00599999999999995,0.14283556979968265,-0.1368355697996827,0.1488355697996826
-3840,2,0.02600000000000008,0.02600000000000008,0.22203152929257589,-0.1960315292925758,0.24803152929257596
-3830,2,0.48,0.48,0.6363961030678927,-0.15639610306789276,1.1163961030678928
-3820,2,-0.448,-0.448,0.6731656556895933,-1.1211656556895933,0.2251656556895933
-3810,1,-0.08099999999999996,-0.08099999999999996,0.0,-0.08099999999999996,-0.08099999999999996
-3800,1,-0.09400000000000008,-0.09400000000000008,0.0,-0.09400000000000008,-0.09400000000000008
-3790,1,-0.07200000000000006,-0.07200000000000006,0.0,-0.07200000000000006,-0.07200000000000006
-3780,1,0.08299999999999996,0.08299999999999996,0.0,0.08299999999999996,0.08299999999999996
-3770,2,0.10205000000000006,0.10205000000000006,0.028213560569343318,0.07383643943065674,0.13026356056934338
-3760,2,-0.06689999999999993,-0.06689999999999993,0.035496760415564585,-0.10239676041556452,-0.03140323958443535
-3750,2,-0.0727500000000001,-0.0727500000000001,0.03429467888754768,-0.10704467888754779,-0.03845532111245242
-3740,2,-0.024999999999999967,-0.024999999999999967,0.025455844122715655,-0.05045584412271562,0.0004558441227156887
-3730,3,-0.06177619047619046,-0.03342857142857136,0.09044552575584769,-0.15222171623203815,0.028669335279657232
-3720,3,-0.09276666666666661,-0.04499999999999993,0.11784890043328074,-0.21061556709994733,0.02508223376661413
-3710,3,0.06089999999999993,0.04699999999999971,0.04576166517949285,0.015138334820507082,0.10666166517949278
-3700,3,-0.09283333333333336,-0.05200000000000016,0.11340451196197313,-0.20623784529530648,0.02057117862863976
-3690,3,0.2777333333333334,0.30799999999999994,0.28361384545422563,-0.005880512120892245,0.561347178787559
-3680,3,-0.24893333333333337,-0.17600000000000016,0.2885966273769209,-0.5375299607102543,0.03966329404358751
-3670,3,0.03076666666666676,0.017299999999999996,0.22680005144032347,-0.19603338477365673,0.2575667181069902
-3660,3,-0.07853333333333336,-0.04200000000000004,0.08621515721341194,-0.16474849054674529,0.007681823880078584
-3650,2,-0.16299999999999998,-0.16299999999999998,0.2573868683519033,-0.42038686835190325,0.0943868683519033
-3640,2,-0.05425000000000009,-0.05425000000000009,0.06894291116568854,-0.12319291116568863,0.014692911165688452
-3630,2,-0.14544999999999997,-0.14544999999999997,0.22846620100137346,-0.37391620100137346,0.0830162010013735
-3620,2,0.04625000000000004,0.04625000000000004,0.0844992603517925,-0.03824926035179246,0.13074926035179255
-3610,2,-0.10149999999999998,-0.10149999999999998,0.14212846301849602,-0.243628463018496,0.04062846301849604
-3600,2,-0.008750000000000112,-0.008750000000000112,0.003889087296525848,-0.01263908729652596,-0.0048609127034742634
-3590,2,0.15825000000000003,0.15825000000000003,0.24006275221283294,-0.0818127522128329,0.39831275221283297
-3580,2,0.11479999999999997,0.11479999999999997,0.12614784976368007,-0.011347849763680098,0.24094784976368006
-3570,2,-0.08414999999999989,-0.08414999999999989,0.10585388514362604,-0.19000388514362593,0.021703885143626145
-3560,3,-0.2856666666666668,-0.24300000000000033,0.32610018910349214,-0.611766855770159,0.04043352243682535
-3550,3,-0.07709999999999996,-0.11499999999999977,0.08264702051495866,-0.15974702051495862,0.0055470205149587
-3540,3,-0.07813333333333332,-0.038000000000000034,0.07530108454287578,-0.1534344178762091,-0.002832248790457542
-3530,4,-0.08654999999999999,-0.10109999999999997,0.18985540989570643,-0.2764054098957064,0.10330540989570644
-3520,4,-0.14537500000000003,-0.12100000000000011,0.15143721196148147,-0.2968122119614815,0.006062211961481434
-3510,4,0.028375000000000025,0.033749999999999974,0.0927913205352023,-0.06441632053520227,0.12116632053520232
-3500,3,-0.05270000000000005,-0.00010000000000001674,0.17986403197971512,-0.23256403197971517,0.12716403197971507
-3490,3,-0.009166666666666648,-0.017000000000000015,0.03148941621137698,-0.04065608287804363,0.02232274954471033
-3480,3,0.046866666666666716,0.06300000000000006,0.05210809278157604,-0.0052414261149093255,0.09897475944824276
-3470,3,0.022366666666666698,0.04300000000000004,0.041043919565915424,-0.018677252899248726,0.06341058623258213
-3460,3,-0.028966666666666738,0.014099999999999988,0.12327734314679786,-0.1522440098134646,0.09431067648013113
-3450,3,-0.03343333333333332,-0.026300000000000004,0.04542205778400327,-0.07885539111733658,0.011988724450669945
-3440,3,0.09930000000000007,0.1110000000000001,0.05450018348592973,0.04479981651407034,0.1538001834859298
-3430,3,0.03999999999999993,-0.015999999999999986,0.16240997506310992,-0.12240997506311,0.20240997506310984
-3420,3,0.10173333333333341,-0.0038000000000000117,0.244244167449979,-0.1425108341166456,0.3459775007833124
-3410,3,-0.04050000000000011,-0.027000000000000357,0.06186477188190379,-0.1023647718819039,0.02136477188190368
-3400,3,-0.0040666666666667,-0.01319999999999999,0.14771192684862425,-0.15177859351529094,0.14364526018195756
-3390,3,-0.02689999999999995,-0.005700000000000011,0.10216325171019174,-0.12906325171019167,0.07526325171019178
-3380,3,0.03296666666666665,0.012899999999999995,0.050109912525700157,-0.017143245859033505,0.0830765791923668
-3370,3,-0.09973333333333334,-0.1279999999999999,0.07453464518821659,-0.17426797852154993,-0.02519868814511675
-3360,3,-0.022066666666666613,0.0020000000000000018,0.05592864501606779,-0.07799531168273441,0.033861978349401176
-3350,3,-0.018733333333333324,0.01679999999999998,0.11470489672779162,-0.13343823006112493,0.0959715633944583
-3340,3,-0.03796666666666668,-0.011899999999999966,0.054859851743632414,-0.0928265184102991,0.01689318507696573
-3330,3,-0.04610000000000006,0.02069999999999997,0.11682863518846738,-0.16292863518846745,0.07072863518846732
-3320,3,0.02016666666666672,0.008500000000000008,0.036429154990657416,-0.016262488323990694,0.05659582165732414
-3310,3,0.1092333333333333,0.013000000000000012,0.1863273016316538,-0.07709396829832052,0.2955606349649871
-3300,3,0.027500000000000024,0.02250000000000002,0.03427462618322776,-0.006774626183227737,0.061774626183227786
-3290,3,-0.08949999999999991,-0.0325,0.12883225527793882,-0.21833225527793873,0.039332255277938905
-3280,3,0.02119999999999997,0.026599999999999985,0.08263243915073548,-0.06143243915073551,0.10383243915073545
-3270,2,-0.0028750000000000164,-0.0028750000000000164,0.004419417382415906,-0.007294417382415923,0.00154441738241589
-3260,1,-0.010000000000000009,-0.010000000000000009,0.0,-0.010000000000000009,-0.010000000000000009
-3250,1,-0.01469999999999999,-0.01469999999999999,0.0,-0.01469999999999999,-0.01469999999999999
-3240,1,-0.014899999999999997,-0.014899999999999997,0.0,-0.014899999999999997,-0.014899999999999997
-3230,2,-0.6895500000000002,-0.6895500000000002,1.0160417338869503,-1.7055917338869504,0.3264917338869501
-3220,2,-0.05999999999999998,-0.05999999999999998,0.021213203435596396,-0.08121320343559638,-0.03878679656440358
-3210,2,-0.15294999999999995,-0.15294999999999995,0.2673570739666335,-0.42030707396663347,0.11440707396663355
-3200,2,-0.12534999999999993,-0.12534999999999993,0.14092638149047884,-0.2662763814904788,0.015576381490478908
-3190,2,0.04894999999999988,0.04894999999999988,0.09340880579474277,-0.04445880579474289,0.14235880579474264
-3180,2,-0.004300000000000005,-0.004300000000000005,0.008061017305526648,-0.012361017305526653,0.0037610173055266424
-3170,2,0.025700000000000084,0.025700000000000084,0.010323759005323674,0.01537624099467641,0.03602375900532376
-3160,2,-0.12265000000000006,-0.12265000000000006,0.17020060223160205,-0.2928506022316021,0.047550602231601985
-3150,2,-0.018299999999999907,-0.018299999999999907,0.010889444430272682,-0.02918944443027259,-0.007410555569727225
-3140,2,-0.018200000000000112,-0.018200000000000112,0.005939696961966826,-0.02413969696196694,-0.012260303038033285
-3130,2,-0.018049999999999858,-0.018049999999999858,0.05508361825443185,-0.07313361825443171,0.037033618254431994
-3120,2,-0.021100000000000077,-0.021100000000000077,0.039456558390209465,-0.06055655839020954,0.018356558390209388
-3110,2,-0.006199999999999942,-0.006199999999999942,0.02149604614807113,-0.02769604614807107,0.015296046148071188
-3100,2,-0.012300000000000075,-0.012300000000000075,0.03775950211536174,-0.050059502115361816,0.025459502115361667
-3090,2,-0.01945000000000001,-0.01945000000000001,0.0036062445840514073,-0.023056244584051415,-0.015843755415948603
-3080,2,-0.03829999999999998,-0.03829999999999998,0.06321534623807733,-0.10151534623807731,0.024915346238077347
-3070,2,-0.023150000000000025,-0.023150000000000025,0.036557420587344534,-0.05970742058734456,0.01340742058734451
-3060,2,0.10825,0.10825,0.1735947147812974,-0.0653447147812974,0.2818447147812974
-3050,2,-0.05904999999999995,-0.05904999999999995,0.09468159800087862,-0.15373159800087857,0.03563159800087867
-3040,2,-0.012800000000000061,-0.012800000000000061,0.014424978336205669,-0.02722497833620573,0.0016249783362056076
-3030,2,0.03485000000000008,0.03485000000000008,0.03698168465605655,-0.002131684656056468,0.07183168465605663
-3020,2,-0.04700000000000004,-0.04700000000000004,0.08202438661763958,-0.12902438661763962,0.03502438661763954
-3010,1,-0.03399999999999992,-0.03399999999999992,0.0,-0.03399999999999992,-0.03399999999999992
-3000,1,0.2929999999999999,0.2929999999999999,0.0,0.2929999999999999,0.2929999999999999
-2990,1,0.6110000000000002,0.6110000000000002,0.0,0.6110000000000002,0.6110000000000002
-2980,1,0.28200000000000003,0.28200000000000003,0.0,0.28200000000000003,0.28200000000000003
-2970,1,0.043999999999999595,0.043999999999999595,0.0,0.043999999999999595,0.043999999999999595
-2960,1,-0.15700000000000003,-0.15700000000000003,0.0,-0.15700000000000003,-0.15700000000000003
-2950,1,-0.20799999999999974,-0.20799999999999974,0.0,-0.20799999999999974,-0.20799999999999974
-2940,1,-0.07600000000000007,-0.07600000000000007,0.0,-0.07600000000000007,-0.07600000000000007
-2930,1,-0.27,-0.27,0.0,-0.27,-0.27
-2920,1,-0.16500000000000004,-0.16500000000000004,0.0,-0.16500000000000004,-0.16500000000000004
-2910,2,-0.15269999999999995,-0.15269999999999995,0.13336033893178278,-0.28606033893178273,-0.019339661068217162
-2900,2,0.01844999999999998,0.01844999999999998,0.07276128778409575,-0.054311287784095774,0.09121128778409573
-2890,2,-0.0023000000000000104,-0.0023000000000000104,0.13477455249415593,-0.13707455249415595,0.1324745524941559
-2880,2,0.04059999999999997,0.04059999999999997,0.04157787873376897,-0.0009778787337689984,0.08217787873376894
-2870,2,-0.07479999999999998,-0.07479999999999998,0.02291025971044413,-0.09771025971044411,-0.05188974028955585
-2860,2,-0.0626,-0.0626,0.11087434329005066,-0.17347434329005068,0.04827434329005066
-2850,2,0.11465000000000003,0.11465000000000003,0.13625947673464778,-0.021609476734647748,0.2509094767346478
-2840,2,-0.15875,-0.15875,0.18137288937434948,-0.3401228893743495,0.022622889374349475
-2830,2,-0.009550000000000003,-0.009550000000000003,0.024678026663410537,-0.03422802666341054,0.015128026663410534
-2820,2,0.28224999999999995,0.28224999999999995,0.3998688847609926,-0.11761888476099264,0.6821188847609925
-2810,2,0.12625000000000008,0.12625000000000008,0.20753584027825178,-0.0812858402782517,0.33378584027825187
-2800,2,-0.22300000000000003,-0.22300000000000003,0.3026417023478424,-0.5256417023478424,0.07964170234784235
-2790,2,-0.010700000000000064,-0.010700000000000064,0.008909545442950587,-0.01960954544295065,-0.0017904545570494763
-2780,2,0.0638000000000001,0.0638000000000001,0.06957930726875641,-0.005779307268756306,0.13337930726875652
-2770,2,-0.008850000000000004,-0.008850000000000004,0.015344217151748088,-0.02419421715174809,0.006494217151748085
-2760,2,-0.10454999999999998,-0.10454999999999998,0.12650140315427333,-0.2310514031542733,0.021951403154273352
-2750,2,0.003349999999999898,0.003349999999999898,0.020718228688765696,-0.017368228688765797,0.024068228688765594
-2740,2,0.0664500000000001,0.0664500000000001,0.06866006845321392,-0.0022100684532138093,0.13511006845321402
-2730,2,-0.05269999999999999,-0.05269999999999999,0.05699280656363571,-0.1096928065636357,0.004292806563635718
-2720,2,0.03739999999999989,0.03739999999999989,0.044406305858515335,-0.007006305858515444,0.08180630585851523
-2710,2,-0.06015000000000001,-0.06015000000000001,0.10302545801887997,-0.16317545801887998,0.04287545801887996
-2700,2,-0.0819,-0.0819,0.24621458120915585,-0.3281145812091558,0.16431458120915585
-2690,2,-0.046549999999999966,-0.046549999999999966,0.000777817459305254,-0.04732781745930522,-0.04577218254069471
-2680,2,0.06380000000000002,0.06380000000000002,0.16574582951012679,-0.10194582951012676,0.2295458295101268
-2670,2,-0.028699999999999976,-0.028699999999999976,0.08951971849821691,-0.11821971849821689,0.060819718498216935
-2660,2,-0.07780000000000006,-0.07780000000000006,0.07523616151824873,-0.15303616151824878,-0.002563838481751332
-2650,2,0.03169999999999998,0.03169999999999998,0.06406387437550118,-0.0323638743755012,0.09576387437550116
-2640,2,0.6261500000000001,0.6261500000000001,0.8978134800725595,-0.27166348007255936,1.5239634800725597
-2630,2,-0.0912499999999999,-0.0912499999999999,0.10995510447450803,-0.20120510447450793,0.018705104474508127
-2620,2,-0.020800000000000186,-0.020800000000000186,0.03422396820942916,-0.05502396820942935,0.013423968209428976
-2610,2,-0.1701499999999999,-0.1701499999999999,0.22606203794533913,-0.39621203794533905,0.05591203794533922
-2600,2,-0.040399999999999985,-0.040399999999999985,0.09984347750354051,-0.1402434775035405,0.05944347750354053
-2590,2,-0.04484999999999992,-0.04484999999999992,0.01294005409571369,-0.05779005409571361,-0.031909945904286224
-2580,2,-0.038450000000000026,-0.038450000000000026,0.0446184378928712,-0.08306843789287122,0.006168437892871172
-2570,2,-0.06535000000000007,-0.06535000000000007,0.12819845942912117,-0.19354845942912124,0.0628484594291211
-2560,2,-0.04889999999999997,-0.04889999999999997,0.014283556979968217,-0.06318355697996819,-0.03461644302003175
-2550,2,0.04100000000000002,0.04100000000000002,0.004242640687119269,0.03675735931288075,0.04524264068711929
-2540,2,0.008700000000000055,0.008700000000000055,0.020223253941935367,-0.011523253941935312,0.02892325394193542
-2530,2,-0.05255000000000004,-0.05255000000000004,0.07417550134646891,-0.12672550134646896,0.021625501346468873
-2520,2,-0.07765,-0.07765,0.06554879861599296,-0.14319879861599294,-0.01210120138400704
-2510,2,0.04375000000000003,0.04375000000000003,0.04985102807365165,-0.006101028073651621,0.09360102807365168
-2500,2,-0.051800000000000034,-0.051800000000000034,0.028567113959936562,-0.08036711395993659,-0.02323288604006347
-2490,2,0.010349999999999998,0.010349999999999998,0.016051323932934628,-0.00570132393293463,0.026401323932934626
-2480,2,-0.005750000000000005,-0.005750000000000005,0.0017677669529663704,-0.0075177669529663755,-0.003982233047033635
-2470,2,-0.11200000000000002,-0.11200000000000002,0.07353910524340097,-0.185539105243401,-0.03846089475659904
-2460,2,0.010999999999999992,0.010999999999999992,0.03252691193458119,-0.021526911934581196,0.04352691193458118
-2450,2,0.00024999999999998634,0.00024999999999998634,0.05126524163602472,-0.051015241636024736,0.05151524163602471
-2440,1,0.08099999999999996,0.08099999999999996,0.0,0.08099999999999996,0.08099999999999996
-2430,1,0.06000000000000005,0.06000000000000005,0.0,0.06000000000000005,0.06000000000000005
-2420,1,-0.1765,-0.1765,0.0,-0.1765,-0.1765
-2380,1,-0.5283333333333332,-0.5283333333333332,0.0,-0.5283333333333332,-0.5283333333333332
-2370,1,-0.11699999999999988,-0.11699999999999988,0.0,-0.11699999999999988,-0.11699999999999988
-2360,1,-0.1090000000000001,-0.1090000000000001,0.0,-0.1090000000000001,-0.1090000000000001
-2350,1,0.2370000000000001,0.2370000000000001,0.0,0.2370000000000001,0.2370000000000001
-2340,1,-0.08800000000000008,-0.08800000000000008,0.0,-0.08800000000000008,-0.08800000000000008
-2330,1,-0.06899999999999995,-0.06899999999999995,0.0,-0.06899999999999995,-0.06899999999999995
-2320,1,-0.0010000000000000009,-0.0010000000000000009,0.0,-0.0010000000000000009,-0.0010000000000000009
-2310,1,-0.08599999999999997,-0.08599999999999997,0.0,-0.08599999999999997,-0.08599999999999997
-2300,1,0.08299999999999996,0.08299999999999996,0.0,0.08299999999999996,0.08299999999999996
-2290,1,-0.08399999999999996,-0.08399999999999996,0.0,-0.08399999999999996,-0.08399999999999996
-2280,1,-0.007000000000000006,-0.007000000000000006,0.0,-0.007000000000000006,-0.007000000000000006
-2270,1,0.016000000000000014,0.016000000000000014,0.0,0.016000000000000014,0.016000000000000014
-2260,1,0.03599999999999992,0.03599999999999992,0.0,0.03599999999999992,0.03599999999999992
-2250,1,-0.050000000000000044,-0.050000000000000044,0.0,-0.050000000000000044,-0.050000000000000044
-2240,1,0.14000000000000012,0.14000000000000012,0.0,0.14000000000000012,0.14000000000000012
-2230,1,-0.18900000000000006,-0.18900000000000006,0.0,-0.18900000000000006,-0.18900000000000006
-2220,2,0.16606250000000003,0.16606250000000003,0.004331029034767598,0.16173147096523244,0.17039352903476762
-2210,2,0.058849999999999986,0.058849999999999986,0.19395939007946994,-0.13510939007946995,0.2528093900794699
-2200,2,-0.009300000000000058,-0.009300000000000058,0.09659078631008239,-0.10589078631008245,0.08729078631008233
-2190,2,-0.04074999999999995,-0.04074999999999995,0.033587572106361076,-0.07433757210636102,-0.007162427893638877
-2180,2,-0.03684999999999998,-0.03684999999999998,0.09920708140047263,-0.13605708140047262,0.06235708140047265
-2170,2,0.06915000000000003,0.06915000000000003,0.19212091244838503,-0.122970912448385,0.2612709124483851
-2160,2,-0.0669,-0.0669,0.07085209947489204,-0.13775209947489203,0.003952099474892043
-2150,2,0.036750000000000047,0.036750000000000047,0.04136574669941305,-0.004615746699413004,0.0781157466994131
-2140,2,-0.016850000000000073,-0.016850000000000073,0.014354267658087002,-0.031204267658087075,-0.0024957323419130713
-2130,2,-0.0864,-0.0864,0.057417070632347654,-0.14381707063234767,-0.02898292936765235
-2120,2,0.003699999999999995,0.003699999999999995,0.01796051224213831,-0.014260512242138316,0.021660512242138306
-2110,2,-0.01700000000000003,-0.01700000000000003,0.09192388155425124,-0.10892388155425127,0.07492388155425121
-2100,2,0.013250000000000053,0.013250000000000053,0.022980970388562717,-0.009730970388562663,0.036230970388562767
-2090,2,-0.07485,-0.07485,0.046881179592668076,-0.12173117959266808,-0.027968820407331924
-2080,2,0.037149999999999975,0.037149999999999975,0.04221427483683685,-0.005064274836836878,0.07936427483683683
-2070,2,0.03525000000000002,0.03525000000000002,0.02863782463805518,0.006612175361944837,0.0638878246380552
-2060,2,-0.07175000000000002,-0.07175000000000002,0.05762920266670361,-0.12937920266670364,-0.014120797333296409
-2050,2,0.01584999999999999,0.01584999999999999,0.053527983335821656,-0.03767798333582167,0.06937798333582165
-2040,2,0.03309999999999999,0.03309999999999999,0.06802367235014588,-0.03492367235014589,0.10112367235014587
-2030,2,-0.007299999999999973,-0.007299999999999973,0.10366185412194791,-0.11096185412194788,0.09636185412194793
-2020,2,-0.017999999999999988,-0.017999999999999988,0.04242640687119285,-0.060426406871192835,0.02442640687119286
-2010,2,-0.07635,-0.07635,0.0914289068074206,-0.1677789068074206,0.015078906807420606
-2000,2,-0.02385000000000001,-0.02385000000000001,0.0016263455967290765,-0.025476345596729087,-0.022223654403270933
-1990,2,0.009549999999999996,0.009549999999999996,0.030476302269140207,-0.02092630226914021,0.0400263022691402
-1980,2,-0.018900000000000007,-0.018900000000000007,0.00975807358037435,-0.02865807358037436,-0.009141926419625657
-1970,2,0.04742500000000004,0.04742500000000004,0.06763476362049331,-0.020209763620493273,0.11505976362049335
-1960,1,0.03289999999999999,0.03289999999999999,0.0,0.03289999999999999,0.03289999999999999
-1950,1,0.0335,0.0335,0.0,0.0335,0.0335
-1940,1,-0.021199999999999997,-0.021199999999999997,0.0,-0.021199999999999997,-0.021199999999999997
-1930,1,-0.054000000000000006,-0.054000000000000006,0.0,-0.054000000000000006,-0.054000000000000006
-1920,1,-0.015199999999999998,-0.015199999999999998,0.0,-0.015199999999999998,-0.015199999999999998
-1910,1,0.03150000000000001,0.03150000000000001,0.0,0.03150000000000001,0.03150000000000001
-1900,1,0.011799999999999991,0.011799999999999991,0.0,0.011799999999999991,0.011799999999999991
-1890,1,-0.013499999999999998,-0.013499999999999998,0.0,-0.013499999999999998,-0.013499999999999998
-1250,1,-0.8844999999999996,-0.8844999999999996,0.0,-0.8844999999999996,-0.8844999999999996
-1240,1,-0.3200000000000002,-0.3200000000000002,0.0,-0.3200000000000002,-0.3200000000000002
-1230,1,-0.03799999999999992,-0.03799999999999992,0.0,-0.03799999999999992,-0.03799999999999992
-1220,1,-0.17600000000000005,-0.17600000000000005,0.0,-0.17600000000000005,-0.17600000000000005
-1210,1,-0.052999999999999936,-0.052999999999999936,0.0,-0.052999999999999936,-0.052999999999999936
-1200,1,0.03399999999999992,0.03399999999999992,0.0,0.03399999999999992,0.03399999999999992
-1190,1,0.132,0.132,0.0,0.132,0.132
-1180,2,0.1611428571428573,0.1611428571428573,0.16566501730656258,-0.004522160163705269,0.3268078744494199
-1170,2,0.09949999999999981,0.09949999999999981,0.10253048327204925,-0.003030483272049439,0.20203048327204906
-1160,2,-0.015999999999999848,-0.015999999999999848,0.04384062043356575,-0.0598406204335656,0.027840620433565902
-1150,2,-0.2465,-0.2465,0.12515790027001886,-0.3716579002700189,-0.12134209972998114
-1140,2,0.03799999999999992,0.03799999999999992,0.12162236636408613,-0.08362236636408621,0.15962236636408605
-1130,2,0.3524999999999999,0.3524999999999999,0.31890515831513316,0.03359484168486676,0.671405158315133
-1120,2,-0.2580000000000001,-0.2580000000000001,0.05232590180780456,-0.31032590180780467,-0.20567409819219556
-1110,2,-0.12499999999999989,-0.12499999999999989,0.004242640687119289,-0.1292426406871192,-0.1207573593128806
-1100,2,0.007000000000000006,0.007000000000000006,0.05232590180780456,-0.045325901807804554,0.05932590180780457
-1090,2,0.011500000000000177,0.011500000000000177,0.01626345596729053,-0.004763455967290352,0.027763455967290705
-1080,2,0.12349999999999994,0.12349999999999994,0.15627059864222706,-0.03277059864222712,0.279770598642227
-1070,2,-0.046499999999999986,-0.046499999999999986,0.058689862838483264,-0.10518986283848325,0.012189862838483279
-1060,2,0.23049999999999993,0.23049999999999993,0.292035100630044,-0.06153510063004408,0.5225351006300439
-1050,2,0.17300000000000004,0.17300000000000004,0.26728636328851507,-0.09428636328851503,0.4402863632885151
-1040,2,-0.22149999999999992,-0.22149999999999992,0.012020815280171397,-0.23352081528017132,-0.20947918471982852
-1030,2,0.07099999999999984,0.07099999999999984,0.005656854249492542,0.0653431457505073,0.07665685424949238
-1020,2,-0.07399999999999995,-0.07399999999999995,0.3068843430349616,-0.38088434303496155,0.23288434303496164
-1010,2,-0.11550000000000005,-0.11550000000000005,0.09687362902255718,-0.21237362902255724,-0.018626370977442866
-1000,2,-0.058499999999999885,-0.058499999999999885,0.25526554800834367,-0.31376554800834355,0.19676554800834378
-990,2,0.21399999999999986,0.21399999999999986,0.09616652224137039,0.11783347775862947,0.31016652224137026
-980,2,-0.008500000000000063,-0.008500000000000063,0.10960155108391488,-0.11810155108391494,0.10110155108391482
-970,2,-0.03249999999999997,-0.03249999999999997,0.09970205614730321,-0.13220205614730318,0.06720205614730324
-960,2,-0.013499999999999845,-0.013499999999999845,0.006363961030679169,-0.019863961030679014,-0.007136038969320677
-950,2,-0.016000000000000125,-0.016000000000000125,0.07919595949289356,-0.09519595949289368,0.06319595949289343
-940,2,-0.0824999999999999,-0.0824999999999999,0.12940054095713793,-0.21190054095713784,0.046900540957138026
-930,2,0.1409999999999999,0.1409999999999999,0.2008183258569792,-0.0598183258569793,0.34181832585697913
-920,2,-0.18799999999999983,-0.18799999999999983,0.3323401871576773,-0.5203401871576772,0.1443401871576775
-910,2,-0.028000000000000136,-0.028000000000000136,0.14142135623730948,-0.1694213562373096,0.11342135623730934
-900,2,0.09499999999999997,0.09499999999999997,0.268700576850888,-0.17370057685088802,0.36370057685088797
-890,2,0.17800000000000005,0.17800000000000005,0.5119453095790604,-0.3339453095790603,0.6899453095790604
-880,2,-0.1965,-0.1965,0.2764787514439399,-0.4729787514439399,0.0799787514439399
-870,1,-0.015999999999999792,-0.015999999999999792,0.0,-0.015999999999999792,-0.015999999999999792
-860,1,-0.15300000000000002,-0.15300000000000002,0.0,-0.15300000000000002,-0.15300000000000002
-850,1,-0.28500000000000003,-0.28500000000000003,0.0,-0.28500000000000003,-0.28500000000000003
450,1,-0.03042222222222235,-0.03042222222222235,0.0,-0.03042222222222235,-0.03042222222222235
460,1,0.22110000000000007,0.22110000000000007,0.0,0.22110000000000007,0.22110000000000007
470,1,-0.13939999999999997,-0.13939999999999997,0.0,-0.13939999999999997,-0.13939999999999997
480,1,-0.13969999999999994,-0.13969999999999994,0.0,-0.13969999999999994,-0.13969999999999994
490,1,0.012599999999999945,0.012599999999999945,0.0,0.012599999999999945,0.012599999999999945
500,1,-0.08470000000000011,-0.08470000000000011,0.0,-0.08470000000000011,-0.08470000000000011
510,1,0.06820000000000004,0.06820000000000004,0.0,0.06820000000000004,0.06820000000000004
520,1,0.32720000000000005,0.32720000000000005,0.0,0.32720000000000005,0.32720000000000005
530,1,0.0018000000000000238,0.0018000000000000238,0.0,0.0018000000000000238,0.0018000000000000238
540,1,-0.4112,-0.4112,0.0,-0.4112,-0.4112
550,1,0.00019999999999997797,0.00019999999999997797,0.0,0.00019999999999997797,0.00019999999999997797
560,1,-0.0534,-0.0534,0.0,-0.0534,-0.0534
570,1,-0.035699999999999954,-0.035699999999999954,0.0,-0.035699999999999954,-0.035699999999999954
580,1,0.29990000000000006,0.29990000000000006,0.0,0.29990000000000006,0.29990000000000006
590,1,0.3708,0.3708,0.0,0.3708,0.3708
600,1,0.04410000000000003,0.04410000000000003,0.0,0.04410000000000003,0.04410000000000003
610,1,-0.2815000000000001,-0.2815000000000001,0.0,-0.2815000000000001,-0.2815000000000001
620,1,-0.37150000000000005,-0.37150000000000005,0.0,-0.37150000000000005,-0.37150000000000005
630,1,0.02959999999999996,0.02959999999999996,0.0,0.02959999999999996,0.02959999999999996
640,1,-0.10389999999999988,-0.10389999999999988,0.0,-0.10389999999999988,-0.10389999999999988
650,1,0.4422999999999999,0.4422999999999999,0.0,0.4422999999999999,0.4422999999999999
660,1,0.1847000000000001,0.1847000000000001,0.0,0.1847000000000001,0.1847000000000001
670,1,0.006799999999999917,0.006799999999999917,0.0,0.006799999999999917,0.006799999999999917
680,1,-0.23849999999999993,-0.23849999999999993,0.0,-0.23849999999999993,-0.23849999999999993
690,1,-0.21050000000000002,-0.21050000000000002,0.0,-0.21050000000000002,-0.21050000000000002
700,1,0.0131,0.0131,0.0,0.0131,0.0131
710,1,-0.19540000000000002,-0.19540000000000002,0.0,-0.19540000000000002,-0.19540000000000002
720,1,0.25639999999999996,0.25639999999999996,0.0,0.25639999999999996,0.25639999999999996
730,1,0.4196,0.4196,0.0,0.4196,0.4196
740,1,-0.23729999999999984,-0.23729999999999984,0.0,-0.23729999999999984,-0.23729999999999984
750,1,-0.1744000000000001,-0.1744000000000001,0.0,-0.1744000000000001,-0.1744000000000001
760,1,0.00039999999999995595,0.00039999999999995595,0.0,0.00039999999999995595,0.00039999999999995595
770,1,-0.21909999999999996,-0.21909999999999996,0.0,-0.21909999999999996,-0.21909999999999996
780,1,0.010600000000000054,0.010600000000000054,0.0,0.010600000000000054,0.010600000000000054
790,2,0.08434999999999993,0.08434999999999993,0.2622659051420903,-0.17791590514209038,0.34661590514209023
800,2,0.1834,0.1834,0.1547149637236165,0.028685036276383497,0.3381149637236165
810,2,-0.09305000000000008,-0.09305000000000008,0.22973899320750926,-0.3227889932075093,0.13668899320750919
820,2,-0.026049999999999907,-0.026049999999999907,0.1443204940401743,-0.1703704940401742,0.1182704940401744
830,2,-0.23295,-0.23295,0.04136574669941303,-0.274315746699413,-0.19158425330058695
840,2,0.07059999999999989,0.07059999999999989,0.17111984104714434,-0.10051984104714445,0.24171984104714422
850,2,-0.11179999999999984,-0.11179999999999984,0.17309974003446668,-0.2848997400344665,0.06129974003446684
860,2,0.038199999999999845,0.038199999999999845,0.09998489885977788,-0.06178489885977803,0.13818489885977772
870,2,0.1744500000000001,0.1744500000000001,0.051406662992261994,0.12304333700773812,0.2258566629922621
880,3,0.07876190476190474,-0.041099999999999914,0.2275489273842913,-0.14878702262238658,0.30631083214619603
890,3,-0.11006666666666665,-0.1129,0.04841222297450654,-0.15847888964117318,-0.0616544436921601
900,3,0.14659999999999992,0.0675,0.17436952141931228,-0.027769521419312354,0.32096952141931223
910,3,0.008033333333333411,0.040100000000000025,0.1351831843586077,-0.1271498510252743,0.14321651769194113
920,3,0.09110000000000011,-0.006000000000000005,0.18488085352464176,-0.09378085352464165,0.27598085352464186
930,3,-0.0371000000000001,0.1147999999999999,0.32954488313430097,-0.36664488313430105,0.2924448831343009
940,3,-0.05363333333333339,0.1155999999999997,0.4171441517429356,-0.470777485076269,0.36351081840960225
950,3,0.050633333333333384,-0.08210000000000006,0.30591805002865285,-0.2552847166953195,0.3565513833619862
960,3,0.15503333333333336,0.1534000000000002,0.18645536552572944,-0.03142203219239609,0.3414886988590628
970,3,-0.33993333333333337,-0.18179999999999985,0.27928153059830746,-0.6192148639316408,-0.060651802735025906
980,3,-0.02503333333333328,0.021100000000000008,0.19014474311253865,-0.21517807644587192,0.16511140977920538
990,3,0.12253333333333334,0.11330000000000007,0.1035591779290148,0.018974155404318543,0.22609251126234814
1000,3,-0.09426666666666676,-0.01440000000000008,0.1456682989992446,-0.23993496566591138,0.05140163233257784
1010,3,-0.027733333333333315,-0.07280000000000009,0.2488792746158936,-0.27661260794922693,0.2211459412825603
1020,3,0.13016666666666676,0.20440000000000014,0.1606720365630976,-0.030505369896430823,0.29083870322976435
1030,3,-0.008833333333333396,0.03860000000000019,0.28987539276960594,-0.29870872610293936,0.28104205943627253
1040,3,0.03253333333333334,-0.04279999999999973,0.15309664703491496,-0.12056331370158163,0.1856299803682483
1050,3,-0.0053666666666667045,0.029100000000000015,0.06039216284695659,-0.06575882951362329,0.05502549618028988
1060,3,0.02863333333333336,-0.010699999999999932,0.14340440486028777,-0.11477107152695441,0.17203773819362114
1070,3,-0.03543333333333339,-0.07410000000000005,0.12208232195257974,-0.15751565528591313,0.08664898861924636
1080,3,0.23560000000000006,0.21740000000000026,0.1789953072010548,0.056604692798945255,0.41459530720105486
1090,3,-0.2666666666666667,-0.31599999999999995,0.20363237299931805,-0.47029903966598474,-0.06303429366734867
1100,3,0.1535,0.2653000000000001,0.26697541085276,-0.11347541085276,0.42047541085275997
1110,3,-0.030533333333333374,-0.023400000000000087,0.1792065102984078,-0.2097398436317412,0.14867317696507443
1120,3,-0.1257,-0.14990000000000014,0.14047220365609708,-0.26617220365609706,0.014772203656097077
1130,3,-0.1695999999999999,-0.12139999999999995,0.13244968856135517,-0.30204968856135506,-0.03715031143864472
1140,3,0.07999999999999996,0.11939999999999984,0.10708183786244986,-0.0270818378624499,0.1870818378624498
1150,3,0.11110000000000002,0.08309999999999995,0.09369231558671179,0.01740768441328823,0.2047923155867118
1160,3,0.17693333333333325,0.1602,0.10134146897165695,0.0755918643616763,0.2782748023049902
1170,3,-0.11986666666666664,-0.13839999999999986,0.041988728646308475,-0.1618553953129751,-0.07787793802035817
1180,3,-0.023666666666666652,-0.024499999999999966,0.07685338856116461,-0.10052005522783126,0.053186721894497954
1190,4,0.08508750000000004,0.08574999999999999,0.041200978447119334,0.043886521552880704,0.12628847844711938
1200,4,0.15039999999999995,0.034999999999999976,0.35824499996510767,-0.20784499996510772,0.5086449999651076
1210,4,-0.19577499999999992,-0.21099999999999985,0.0747797376744976,-0.2705547376744975,-0.12099526232550233
1220,4,0.04787499999999992,0.1324499999999999,0.3033111534931304,-0.25543615349313054,0.3511861534931303
1230,4,-0.04332499999999992,-0.04794999999999994,0.09967551939501834,-0.14300051939501826,0.05635051939501842
1240,4,0.04237499999999994,0.09254999999999997,0.23342228364061562,-0.19104728364061568,0.27579728364061556
1250,4,-0.06522499999999998,-0.07609999999999995,0.13941268175217533,-0.2046376817521753,0.07418768175217536
1260,4,-0.07417499999999999,-0.12855,0.22104813012856125,-0.2952231301285613,0.14687313012856126
1270,5,-0.07914000000000003,-0.028899999999999926,0.2352622430395494,-0.31440224303954944,0.15612224303954936
1280,6,-0.1046666666666667,-0.035550000000000026,0.3921396621953289,-0.4968063288619956,0.28747299552866223
1290,6,-0.021166666666666594,0.03620000000000001,0.24249053314854713,-0.26365719981521374,0.22132386648188054
1300,6,0.03996666666666665,0.10544999999999993,0.3636977683003659,-0.3237311016336992,0.4036644349670325
1310,6,0.0915833333333333,0.01599999999999996,0.24851805098758248,-0.15693471765424918,0.34010138432091575
1320,6,-0.08779999999999995,-0.10750000000000004,0.15723322804038592,-0.24503322804038585,0.06943322804038597
1330,6,-0.054249999999999986,-0.07139999999999991,0.16181642376470926,-0.21606642376470925,0.10756642376470926
1340,7,-0.04150000000000006,-0.08279999999999987,0.29658399597191115,-0.3380839959719112,0.2550839959719111
1350,7,0.027214285714285764,0.052000000000000046,0.12185130868633053,-0.09463702297204477,0.14906559440061629
1360,7,-0.021285714285714335,-0.06960000000000033,0.13721011173344613,-0.15849582601916046,0.1159243974477318
1370,8,-0.049399999999999944,-0.03495000000000004,0.22547581435077,-0.2748758143507699,0.17607581435077005
1380,8,0.05506249999999996,0.05629999999999996,0.13196211509910177,-0.07689961509910181,0.18702461509910173
1390,8,-0.0856375,-0.09044999999999992,0.11178323331340885,-0.19742073331340887,0.026145733313408845
1400,8,0.10642499999999995,0.026599999999999957,0.3973215924879276,-0.29089659248792765,0.5037465924879275
1410,8,-0.06268749999999995,0.026300000000000046,0.26961199865997904,-0.332299498659979,0.20692449865997908
1420,8,-0.030537499999999967,-0.05244999999999994,0.2383882303991896,-0.26892573039918954,0.20785073039918964
1430,8,-0.031724999999999975,-0.06009999999999999,0.16047692980612507,-0.19220192980612505,0.1287519298061251
1440,8,-0.07166250000000005,-0.11325000000000013,0.1522247768222093,-0.22388727682220935,0.08056227682220926
1450,8,0.0036874999999999963,-0.015499999999999903,0.10564862837998149,-0.10196112837998149,0.10933612837998148
1460,8,-0.0494,-0.05014999999999997,0.13318352536470654,-0.18258352536470654,0.08378352536470654
1470,9,0.04036111111111117,-0.08940000000000015,0.2859183928345833,-0.24555728172347213,0.3262795039456945
1480,9,0.07186666666666663,0.06499999999999995,0.24139837924062374,-0.1695317125739571,0.3132650459072904
1490,9,0.0076999999999999786,0.08489999999999986,0.2549680126996325,-0.2472680126996325,0.26266801269963247
1500,11,0.0014363636363636473,0.0472999999999999,0.22352369571357422,-0.22208733207721057,0.22496005934993787
1510,14,-0.008221428571428569,-0.021049999999999902,0.1755079089006848,-0.18372933747211337,0.16728648032925622
1520,15,0.0146866666666667,-0.035100000000000006,0.18226969760952216,-0.16758303094285545,0.19695636427618887
1530,16,0.0074249999999999846,-0.012249999999999976,0.2093325631620651,-0.20190756316206512,0.2167575631620651
1540,16,0.006612499999999993,0.04575000000000007,0.166493294659775,-0.159880794659775,0.173105794659775
1550,19,0.14135964912280702,0.09800000000000009,0.22896773630580763,-0.08760808718300062,0.37032738542861465
1560,22,-0.047352759740259764,-0.011400000000000104,0.2586840097536945,-0.30603676949395425,0.21133125001343472
1570,24,-0.03883333333333335,0.0010499999999998844,0.30133303209552725,-0.3401663654288606,0.2624996987621939
1580,26,-0.015541452991452986,-0.0192499999999999,0.2587666062291177,-0.27430805922057067,0.2432251532376647
1590,27,0.011903703703703692,0.01200000000000001,0.2865866005261578,-0.2746828968224541,0.2984903042298615
1600,29,-0.07622561576354678,-0.040000000000000036,0.2625433341263096,-0.3387689498898564,0.1863177183627628
1610,32,-0.002225000000000024,-0.006750000000000034,0.24392561002446314,-0.24615061002446317,0.2417006100244631
1620,32,-0.003453124999999966,-0.03190000000000004,0.24412934433228817,-0.24758246933228814,0.2406762193322882
1630,33,-0.053936363636363636,-0.030000000000000027,0.19943596688251505,-0.2533723305188787,0.1454996032461514
1640,35,-0.001959999999999991,0.027000000000000135,0.17580186909265383,-0.17776186909265382,0.17384186909265384
1650,36,0.02314999999999999,0.013700000000000101,0.13274127897100113,-0.10959127897100114,0.15589127897100113
1660,39,0.006725641025641031,0.01479999999999998,0.18071981730339326,-0.17399417627775224,0.18744545832903428
1670,47,0.011894680851063813,-0.015599999999999989,0.16510673406475945,-0.15321205321369563,0.17700141491582327
1680,53,0.09568629829290208,0.023900000000000032,0.224499368040125,-0.1288130697472229,0.3201856663330271
1690,54,-0.0019934156378600743,-0.006249999999999867,0.2884300305252929,-0.290423446163153,0.2864366148874328
1700,57,-0.02138284600389864,0.0019999999999997797,0.25628718955900903,-0.27767003556290765,0.2349043435551104
1710,65,-0.010336666666666654,-0.007000000000000006,0.2328283771841874,-0.24316504385085405,0.22249171051752073
1720,69,0.035575845410628,0.03269999999999995,0.21140172254942635,-0.17582587713879835,0.24697756796005435
1730,76,-0.06556011904761905,-0.04254999999999998,0.22808494548442396,-0.293645064532043,0.1625248264368049
1740,83,-0.019599832663989274,-0.042199999999999904,0.22349506119653678,-0.24309489386052605,0.20389522853254752
1750,87,-0.020121547162926495,0.013699999999999934,0.25770352685407644,-0.27782507401700296,0.23758197969114994
1760,91,0.07419389499389499,0.045700000000000185,0.1862480566383086,-0.1120541616444136,0.26044195163220357
1770,96,-0.04804733796296295,-0.04499999999999993,0.16234072468368702,-0.21038806264664997,0.11429338672072406
1780,99,0.028967388167388156,0.02310000000000012,0.15834037509694396,-0.1293729869295558,0.18730776326433213
1790,100,0.636242,0.004949999999999934,6.199804487959701,-5.563562487959701,6.836046487959702
1800,102,1.2996926470588235,0.004099999999999937,13.170372307677617,-11.870679660618794,14.47006495473644
1810,106,-2.0325430817610064,-0.03474999999999995,20.490697695722854,-22.52324077748386,18.45815461396185
1820,108,2.8553939814814813,0.03137499999999993,29.443228571873608,-26.587834590392127,32.29862255335509
1830,109,-0.9417373088685015,0.01970000000000005,10.54477804064825,-11.486515349516752,9.603040731779748
1840,111,0.7481310810810812,-0.030000000000000027,8.55002366884298,-7.801892587761899,9.29815474992406
1850,114,-1.719830311890838,-0.008800000000000016,18.546736880093356,-20.266567191984194,16.826906568202517
1860,113,1.6062451327433627,0.027899999999999925,16.932543458687935,-15.326298325944572,18.5387885914313
1870,117,-0.9791929860263193,-0.05520000000000014,10.261643824851378,-11.240836810877697,9.282450838825058
1880,120,-0.3390166666666667,0.005800000000000083,3.6543779263545595,-3.9933945930212262,3.3153612596878927
1890,122,0.46742663934426226,0.02300000000000002,4.797726058572623,-4.330299419228361,5.265152697916886
1900,123,-0.11108548199767712,0.016000000000000014,1.3602526493696094,-1.4713381313672866,1.2491671673719322
1910,123,0.18152276422764227,0.007399999999999962,1.6294560315705988,-1.4479332673429566,1.810978795798241
1920,123,0.14967804878048782,-0.022800000000000042,2.1749857541096143,-2.0253077053291264,2.324663802890102
1930,123,-0.5484024390243903,-0.02410000000000001,5.9519877806406525,-6.500390219665043,5.403585341616262
1940,123,0.25960054200542004,0.012299999999999978,2.7972957268936254,-2.5376951848882054,3.0568962688990453
1950,121,0.8767057851239669,0.014599999999999946,9.729367053961745,-8.852661268837778,10.606072839085712
1960,120,0.6273633333333334,0.010550000000000004,6.847828848877446,-6.220465515544113,7.47519218221078
1970,118,-1.4207930790960452,-0.023500000000000076,15.281278069687641,-16.702071148783688,13.860484990591596
1980,109,0.2335325724479394,0.051100000000000145,1.7251881576173236,-1.4916555851693842,1.958720730065263
1990,64,-0.010173586309523811,-0.031950000000000034,0.14988931275126618,-0.16006289906079,0.13971572644174238
2000,34,0.057907959850606885,0.0453446428571429,0.08861266494158943,-0.03070470509098254,0.1465206247921963
2010,8,-0.10048333333333326,-0.11724999999999997,0.0641446307245871,-0.16462796405792035,-0.03633870260874615
